index,x,y,v,material,marked
7,10.375,1.625,0.4252856557507614,matrix,True
10,14.125,1.625,-2.537300904394899,matrix,True
20,26.625,1.625,1.186817085770591,matrix,True
27,35.375,1.625,0.9061584789341695,matrix,True
28,36.625,1.625,0.16106500674976723,matrix,True
58,74.125,1.625,-0.44967298173668946,matrix,True
74,94.125,1.625,-0.6237523129682242,matrix,True
83,5.375,2.875,-0.6369757586149003,matrix,True
90,14.125,2.875,-3.1776849951794692,matrix,True
93,17.875,2.875,0.041454213889325464,matrix,True
116,46.625,2.875,-0.125620889721207,matrix,True
151,90.375,2.875,0.09841003290350375,matrix,True
199,50.375,4.125,-0.6358788585259874,matrix,True
208,61.625,4.125,-3.108156041244193,matrix,True
239,100.375,4.125,0.6728380243556926,matrix,True
242,4.125,5.375,2.134773408998567,matrix,True
247,10.375,5.375,0.3712721170859973,matrix,True
278,49.125,5.375,-1.1487069707933748,matrix,True
283,55.375,5.375,0.015747458360792332,matrix,True
292,66.625,5.375,0.15629238190199002,matrix,True
299,75.375,5.375,-0.4718003233567125,matrix,True
316,96.625,5.375,-1.6730498897077215,matrix,True
333,17.875,6.625,0.40525014214601307,matrix,True
348,36.625,6.625,-1.1910204773931967,matrix,True
353,42.875,6.625,-0.6191803651333431,matrix,True
372,66.625,6.625,-0.16975642145393244,matrix,True
378,74.125,6.625,2.4420895528137856,matrix,True
380,76.625,6.625,-0.8007317215715133,matrix,True
396,96.625,6.625,-0.9777250250923927,matrix,True
404,6.625,7.875,0.7363472492938081,matrix,True
407,10.375,7.875,0.6112661292317841,matrix,True
423,30.375,7.875,1.8625218907861893,matrix,True
428,36.625,7.875,-0.8216569267881271,matrix,True
441,52.875,7.875,1.1577640654501922,matrix,True
450,64.125,7.875,-1.2843961069466832,matrix,True
459,75.375,7.875,-1.3291602666785156,matrix,True
460,76.625,7.875,0.1940943324154455,matrix,True
462,79.125,7.875,-1.224215045755906,matrix,True
468,86.625,7.875,-1.9853233600644449,matrix,True
471,90.375,7.875,-0.8596236169850039,matrix,True
474,94.125,7.875,0.984381079124355,matrix,True
490,14.125,9.125,2.2861863167279592,matrix,True
513,42.875,9.125,-0.04148076413721813,matrix,True
517,47.875,9.125,-0.202338629931472,matrix,True
523,55.375,9.125,-0.8914909077444895,matrix,True
528,61.625,9.125,-1.6060553919309486,matrix,True
551,90.375,9.125,-0.8878648996164804,matrix,True
560,1.625,10.375,1.2154030084083576,matrix,True
570,14.125,10.375,2.778120050645186,matrix,True
572,16.625,10.375,1.1922668466437687,matrix,True
575,20.375,10.375,1.5921589144672632,matrix,True
577,22.875,10.375,0.2757225105162837,matrix,True
580,26.625,10.375,2.7753960883977995,matrix,True
596,46.625,10.375,0.3322325628585028,matrix,True
599,50.375,10.375,1.3169774470021898,matrix,True
601,52.875,10.375,0.3886974641111064,matrix,True
610,64.125,10.375,0.25439756161787663,matrix,True
630,89.125,10.375,-1.2434780151968245,matrix,True
649,12.875,11.625,2.731775436703982,matrix,True
650,14.125,11.625,2.918951220389662,matrix,True
680,51.625,11.625,2.8390190717645876,matrix,True
700,76.625,11.625,-3.1064800618573454,matrix,True
707,85.375,11.625,-2.6956605275227234,matrix,True
722,4.125,12.875,2.236220570878862,matrix,True
761,52.875,12.875,1.1695769270177168,matrix,True
763,55.375,12.875,1.3177973545696948,matrix,True
769,62.875,12.875,-0.7596318734147834,matrix,True
770,64.125,12.875,-0.39408298708084843,matrix,True
771,65.375,12.875,-2.167473104261034,matrix,True
774,69.125,12.875,-3.045578414082258,matrix,True
793,92.875,12.875,-0.4240596415047813,matrix,True
794,94.125,12.875,-0.561076196809124,matrix,True
802,4.125,14.125,1.9387567851625316,matrix,True
812,16.625,14.125,2.078560940293411,matrix,True
819,25.375,14.125,2.565800941003893,matrix,True
826,34.125,14.125,1.1797903332574504,matrix,True
832,41.625,14.125,2.6013371902267726,matrix,True
838,49.125,14.125,0.6085233563268493,matrix,True
844,56.625,14.125,0.6698329658959554,matrix,True
852,66.625,14.125,-1.1945969843785067,matrix,True
855,70.375,14.125,-1.8953130965823999,matrix,True
863,80.375,14.125,0.1982273871371678,matrix,True
864,81.625,14.125,0.6536860852297757,matrix,True
867,85.375,14.125,-1.8287059492588802,matrix,True
877,97.875,14.125,-2.3960261464321295,matrix,True
881,2.875,15.375,0.46766103585444596,matrix,True
887,10.375,15.375,1.5,matrix,True
890,14.125,15.375,-1.3020181126481796,matrix,True
899,25.375,15.375,1.9564150617149278,matrix,True
902,29.125,15.375,1.1210541886464793,matrix,True
919,50.375,15.375,-1.340967247736522,matrix,True
943,80.375,15.375,2.5317388852036995,matrix,True
946,84.125,15.375,-0.6727080067048047,matrix,True
956,96.625,15.375,-0.6407807078606333,matrix,True
976,21.625,16.625,-1.0965897428623181,matrix,True
984,31.625,16.625,-0.5164502675893784,matrix,True
986,34.125,16.625,-1.8590084578360444,matrix,True
997,47.875,16.625,2.463831294665786,matrix,True
1006,59.125,16.625,-0.5462811553981282,matrix,True
1030,89.125,16.625,-1.1997548443837283,matrix,True
1044,6.625,17.875,1.4067602671728703,matrix,True
1049,12.875,17.875,0.6404355068593335,matrix,True
1057,22.875,17.875,1.544092392985819,matrix,True
1060,26.625,17.875,-0.7184472537822157,matrix,True
1061,27.875,17.875,-2.103747837890653,matrix,True
1096,71.625,17.875,0.24976063039723073,matrix,True
1112,91.625,17.875,-1.0036967013294245,matrix,True
1134,19.125,19.125,-1.1690924344618863,matrix,True
1139,25.375,19.125,-0.8555473494084709,matrix,True
1153,42.875,19.125,0.2968940505106912,matrix,True
1178,74.125,19.125,0.7770732762900945,matrix,True
1180,76.625,19.125,0.27499061180348205,matrix,True
1183,80.375,19.125,-2.4027952754817505,matrix,True
1187,85.375,19.125,-3.1033131346379568,matrix,True
1189,87.875,19.125,-0.7360927986595804,matrix,True
1190,89.125,19.125,-0.19045353017963318,matrix,True
1202,4.125,20.375,0.7167113856394609,matrix,True
1208,11.625,20.375,-1.3329162782804405,matrix,True
1226,34.125,20.375,-3.465520064545025,matrix,True
1237,47.875,20.375,-0.24855484003468442,matrix,True
1250,64.125,20.375,2.245269873973749,matrix,True
1259,75.375,20.375,-2.1969258253987354,matrix,True
1297,22.875,21.625,-1.2644334359322191,matrix,True
1301,27.875,21.625,-1.9474530230262204,matrix,True
1314,44.125,21.625,-1.095013660554509,matrix,True
1319,50.375,21.625,-0.47645360713347096,matrix,True
1324,56.625,21.625,0.23145238793448716,matrix,True
1329,62.875,21.625,2.6892023043401916,matrix,True
1350,89.125,21.625,-2.182078979032639,matrix,True
1354,94.125,21.625,-2.3609796327189447,matrix,True
1363,5.375,22.875,1.9650736434523766,matrix,True
1367,10.375,22.875,0.14635118220706933,matrix,True
1382,29.125,22.875,-2.240314575929329,matrix,True
1411,65.375,22.875,1.7066127365711152,matrix,True
1414,69.125,22.875,0.39962152856845967,matrix,True
1422,79.125,22.875,2.1978737383302804,matrix,True
1425,82.875,22.875,1.7865548859437794,matrix,True
1457,22.875,24.125,0.8563906419050971,matrix,True
1463,30.375,24.125,1.6735586513000689,matrix,True
1470,39.125,24.125,-2.9909812029637695,matrix,True
1471,40.375,24.125,-1.0316191560680048,matrix,True
1476,46.625,24.125,2.089241628120428,matrix,True
1477,47.875,24.125,0.7058032672845933,matrix,True
1479,50.375,24.125,-0.6923353406424733,matrix,True
1484,56.625,24.125,-0.3836548178597277,matrix,True
1500,76.625,24.125,2.7150440675547403,matrix,True
1506,84.125,24.125,0.5126632401984537,matrix,True
1519,100.375,24.125,-1.4101426567101132,matrix,True
1526,9.125,25.375,-1.7423871961342172,matrix,True
1538,24.125,25.375,-0.549307299666338,matrix,True
1544,31.625,25.375,1.7300091245314282,matrix,True
1545,32.875,25.375,2.891508744481174,matrix,True
1551,40.375,25.375,-1.354577514572382,matrix,True
1561,52.875,25.375,-1.5340788746449945,matrix,True
1562,54.125,25.375,-0.9116963176321167,matrix,True
1596,96.625,25.375,-0.7368197350739929,matrix,True
1599,100.375,25.375,-2.3608963171328,matrix,True
1601,2.875,26.625,-1.2438389929839566,matrix,True
1606,9.125,26.625,0.7129661724128096,matrix,True
1607,10.375,26.625,-3.2289898956687395,matrix,True
1614,19.125,26.625,-1.384962266507611,matrix,True
1616,21.625,26.625,0.5681867260320761,matrix,True
1617,22.875,26.625,-3.0207686695508884,matrix,True
1622,29.125,26.625,2.2268370838448077,matrix,True
1630,39.125,26.625,-0.10547482246806311,matrix,True
1631,40.375,26.625,0.5139261594433651,matrix,True
1651,65.375,26.625,0.34907518507618696,matrix,True
1683,5.375,27.875,-1.9220024254850667,matrix,True
1694,19.125,27.875,-0.45617329184807376,matrix,True
1710,39.125,27.875,0.1401203453342883,matrix,True
1725,57.875,27.875,-0.8526451995763734,matrix,True
1763,5.375,29.125,1.5010526289625687,matrix,True
1768,11.625,29.125,1.0656270469845412,matrix,True
1773,17.875,29.125,1.0091257140790089,matrix,True
1780,26.625,29.125,0.25111274252009386,matrix,True
1781,27.875,29.125,2.8803157136028794,matrix,True
1787,35.375,29.125,-1.8629246728096631,matrix,True
1797,47.875,29.125,-0.494595254550676,matrix,True
1819,75.375,29.125,0.4648502762557758,matrix,True
1827,85.375,29.125,2.7148934164105754,matrix,True
1831,90.375,29.125,-0.9514832393548365,matrix,True
1834,94.125,29.125,-3.159447041064091,matrix,True
1839,100.375,29.125,-0.00522656450877923,matrix,True
1857,22.875,30.375,-0.15627043887887782,matrix,True
1874,44.125,30.375,-0.8819309638500026,matrix,True
1914,94.125,30.375,1.3583944207238798,matrix,True
1919,100.375,30.375,-2.4859483945726875,matrix,True
1921,2.875,31.625,0.8344754452606851,matrix,True
1934,19.125,31.625,0.4045517147571702,matrix,True
1937,22.875,31.625,1.5292755883351203,matrix,True
1941,27.875,31.625,-1.7996695296467764,matrix,True
1942,29.125,31.625,-0.015330684063272981,matrix,True
1947,35.375,31.625,0.13472904008649245,matrix,True
1962,54.125,31.625,-2.200034759194917,matrix,True
1963,55.375,31.625,-1.0997075451370462,matrix,True
1975,70.375,31.625,-0.6933400960957906,matrix,True
1979,75.375,31.625,0.8357240224324745,matrix,True
1994,94.125,31.625,-0.024355519377782797,matrix,True
2018,24.125,32.875,1.032758218081205,matrix,True
2035,45.375,32.875,-1.2149488022190864,matrix,True
2054,69.125,32.875,1.0223174499654477,matrix,True
2057,72.875,32.875,0.08522071389032798,matrix,True
2079,100.375,32.875,-1.9289197658994146,matrix,True
2081,2.875,34.125,0.05467104786924834,matrix,True
2101,27.875,34.125,0.45294965058571957,matrix,True
2107,35.375,34.125,2.683601581537626,matrix,True
2110,39.125,34.125,-1.1702019948485627,matrix,True
2135,70.375,34.125,0.8981890901216044,matrix,True
2138,74.125,34.125,-0.6009367297103491,matrix,True
2145,82.875,34.125,1.4380822999348557,matrix,True
2155,95.375,34.125,-2.3185172831267877,matrix,True
2161,2.875,35.375,0.5449123378888586,matrix,True
2164,6.625,35.375,0.036082646434412835,matrix,True
2166,9.125,35.375,1.4112778079302584,matrix,True
2167,10.375,35.375,2.9644930111626993,matrix,True
2174,19.125,35.375,0.7000390849515992,matrix,True
2175,20.375,35.375,-2.482779008050974,matrix,True
2177,22.875,35.375,2.191901615578742,matrix,True
2185,32.875,35.375,1.7645951727031082,matrix,True
2188,36.625,35.375,1.2958503611423258,matrix,True
2193,42.875,35.375,0.7381028338103384,matrix,True
2208,61.625,35.375,-2.027989259378369,matrix,True
2215,70.375,35.375,1.532899882631119,matrix,True
2227,85.375,35.375,1.2891848916073958,matrix,True
2230,89.125,35.375,2.663719828506891,matrix,True
2233,92.875,35.375,0.03842963638217389,matrix,True
2242,4.125,36.625,2.1062479926384556,matrix,True
2248,11.625,36.625,2.6401400193859965,matrix,True
2253,17.875,36.625,2.5626147424937127,matrix,True
2276,46.625,36.625,-2.4948959708533125,matrix,True
2292,66.625,36.625,1.9076184277841626,matrix,True
2293,67.875,36.625,1.1501909233197447,matrix,True
2299,75.375,36.625,-2.778555604452612,matrix,True
2307,85.375,36.625,-0.9747551181776962,matrix,True
2312,91.625,36.625,0.36113562972578894,matrix,True
2331,15.375,37.875,0.0972155089590443,matrix,True
2336,21.625,37.875,1.7478506418706574,matrix,True
2341,27.875,37.875,0.3392134285694788,matrix,True
2345,32.875,37.875,0.06035283103174893,matrix,True
2353,42.875,37.875,-0.01878721392364663,matrix,True
2356,46.625,37.875,0.18950299192463327,matrix,True
2365,57.875,37.875,-0.11660696359024003,matrix,True
2367,60.375,37.875,1.534947373359227,matrix,True
2368,61.625,37.875,1.68258078976631,matrix,True
2377,72.875,37.875,-1.0333373978135798,matrix,True
2402,4.125,39.125,2.8462536338284705,matrix,True
2403,5.375,39.125,2.7526216411631346,matrix,True
2404,6.625,39.125,2.552222224646494,matrix,True
2409,12.875,39.125,-3.103184580746345,matrix,True
2411,15.375,39.125,1.3672981970868299,matrix,True
2417,22.875,39.125,1.3519057624782302,matrix,True
2418,24.125,39.125,0.01719213211244819,matrix,True
2420,26.625,39.125,1.4057842754726675,matrix,True
2440,51.625,39.125,1.474368358469048,matrix,True
2442,54.125,39.125,1.4378753977359748,matrix,True
2448,61.625,39.125,1.9570630944905016,matrix,True
2468,86.625,39.125,-2.6850631435580605,matrix,True
2490,14.125,40.375,1.0594487841647842,matrix,True
2512,41.625,40.375,0.5609145229370119,matrix,True
2593,42.875,41.625,-0.16643813901034532,matrix,True
2612,66.625,41.625,-1.464673248365624,matrix,True
2618,74.125,41.625,-1.0236716560023071,matrix,True
2634,94.125,41.625,0.10597547547141128,matrix,True
2641,2.875,42.875,1.3976928837325127,matrix,True
2643,5.375,42.875,1.3037759600261898,matrix,True
2645,7.875,42.875,-0.9183360691657931,matrix,True
2651,15.375,42.875,0.21448529273666872,matrix,True
2672,41.625,42.875,1.4116286592958502,matrix,True
2694,69.125,42.875,-0.21763284192411558,matrix,True
2704,81.625,42.875,-2.3257672935553595,matrix,True
2710,89.125,42.875,0.17988653777268016,matrix,True
2724,6.625,44.125,-0.14689931994731403,matrix,True
2725,7.875,44.125,0.6279127959308357,matrix,True
2727,10.375,44.125,-0.47367545813180223,matrix,True
2730,14.125,44.125,2.2353847250450603,matrix,True
2736,21.625,44.125,-0.8848626102094516,matrix,True
2737,22.875,44.125,-0.9513612954665704,matrix,True
2745,32.875,44.125,-0.30981418406763706,matrix,True
2756,46.625,44.125,2.4668923981462,matrix,True
2757,47.875,44.125,-0.5902940297884163,matrix,True
2800,1.625,45.375,0.5915618576283553,matrix,True
2813,17.875,45.375,0.9546920227609288,matrix,True
2824,31.625,45.375,-0.903966371164317,matrix,True
2834,44.125,45.375,0.4062305937606263,matrix,True
2852,66.625,45.375,-1.5586538563626964,matrix,True
2863,80.375,45.375,-2.3163769636131297,matrix,True
2877,97.875,45.375,-1.6490699358926162,matrix,True
2878,99.125,45.375,-2.5118679943663307,matrix,True
2880,1.625,46.625,-1.3439126828015762,matrix,True
2893,17.875,46.625,-3.3585955741163875,matrix,True
2905,32.875,46.625,-2.745078042526497,matrix,True
2909,37.875,46.625,1.8346506249134817,matrix,True
2910,39.125,46.625,1.2752524865828505,matrix,True
2919,50.375,46.625,0.3913406409513799,matrix,True
2932,66.625,46.625,-2.247009963515807,matrix,True
2936,71.625,46.625,-1.1785761565582684,matrix,True
2937,72.875,46.625,2.185105686866695,matrix,True
2955,95.375,46.625,-0.49074331303324603,matrix,True
2957,97.875,46.625,-0.5751289291753476,matrix,True
2968,11.625,47.875,-0.48442447925504006,matrix,True
2995,45.375,47.875,1.3378519781725489,matrix,True
2998,49.125,47.875,2.45349242071445,matrix,True
2999,50.375,47.875,2.8030358415192467,matrix,True
3010,64.125,47.875,-1.941547017119258,matrix,True
3014,69.125,47.875,-0.3225869900241102,matrix,True
3021,77.875,47.875,-1.4610927566628569,matrix,True
3024,81.625,47.875,-1.8855116912049132,matrix,True
3027,85.375,47.875,-0.9290791884199316,matrix,True
3043,5.375,49.125,-1.3452973480973438,matrix,True
3044,6.625,49.125,-1.9943077604936907,matrix,True
3060,26.625,49.125,-0.5641056883178776,matrix,True
3067,35.375,49.125,-1.9152653089965903,matrix,True
3081,52.875,49.125,1.1142710892539291,matrix,True
3107,85.375,49.125,-2.1564308568818777,matrix,True
3117,97.875,49.125,-1.5166926835974333,matrix,True
3121,2.875,50.375,-3.4547661923570008,matrix,True
3155,45.375,50.375,2.8213341406367096,matrix,True
3159,50.375,50.375,28.0,matrix,True
3183,80.375,50.375,2.016410697484718,matrix,True
3189,87.875,50.375,1.080645585408011,matrix,True
3210,14.125,51.625,-2.126863287267891,matrix,True
3216,21.625,51.625,-1.769867536356287,matrix,True
3221,27.875,51.625,0.9133593636517834,matrix,True
3228,36.625,51.625,0.7766845147437039,matrix,True
3231,40.375,51.625,1.0740490286243753,matrix,True
3243,55.375,51.625,2.6996261361157714,matrix,True
3254,69.125,51.625,1.1214030967029114,matrix,True
3303,30.375,52.875,1.470560624640477,matrix,True
3312,41.625,52.875,2.243078962960702,matrix,True
3317,47.875,52.875,2.8999373461898825,matrix,True
3328,61.625,52.875,-1.6529600672065419,matrix,True
3341,77.875,52.875,0.08237191530369259,matrix,True
3344,81.625,52.875,-0.2975893604554044,matrix,True
3358,99.125,52.875,-1.6673280795702308,matrix,True
3378,24.125,54.125,2.6424684326705092,matrix,True
3379,25.375,54.125,0.047463330222596856,matrix,True
3386,34.125,54.125,-0.6511127207956519,matrix,True
3388,36.625,54.125,0.27144177208390174,matrix,True
3390,39.125,54.125,1.9048106154755224,matrix,True
3408,61.625,54.125,2.3477752713242532,matrix,True
3410,64.125,54.125,1.893188277267706,matrix,True
3422,79.125,54.125,-0.976332894504955,matrix,True
3432,91.625,54.125,-0.8185125667702665,matrix,True
3433,92.875,54.125,-1.0272569995422969,matrix,True
3436,96.625,54.125,1.3118313218775755,matrix,True
3453,17.875,55.375,-2.010642901979792,matrix,True
3466,34.125,55.375,0.4104170591202563,matrix,True
3470,39.125,55.375,-0.7641136788074734,matrix,True
3480,51.625,55.375,2.6722503800612616,matrix,True
3492,66.625,55.375,1.0019569523023533,matrix,True
3497,72.875,55.375,1.7336180718756502,matrix,True
3500,76.625,55.375,-0.4413846469216167,matrix,True
3537,22.875,56.625,0.3733375573267623,matrix,True
3548,36.625,56.625,-0.5571852370437109,matrix,True
3552,41.625,56.625,0.026962798378177166,matrix,True
3566,59.125,56.625,1.4598535442177911,matrix,True
3572,66.625,56.625,1.2129831705799283,matrix,True
3574,69.125,56.625,-1.032800677888233,matrix,True
3578,74.125,56.625,1.2002851503392402,matrix,True
3579,75.375,56.625,0.10051313959482044,matrix,True
3581,77.875,56.625,-1.6121645115769005,matrix,True
3619,25.375,57.875,-2.4714258273272875,matrix,True
3621,27.875,57.875,0.8363140017092334,matrix,True
3630,39.125,57.875,-1.0574116883147906,matrix,True
3633,42.875,57.875,1.6354118882961624,matrix,True
3636,46.625,57.875,2.4462196623544403,matrix,True
3638,49.125,57.875,-2.611277018438763,matrix,True
3644,56.625,57.875,1.114539974912604,matrix,True
3646,59.125,57.875,2.8415213959440058,matrix,True
3654,69.125,57.875,-0.9833110119801982,matrix,True
3656,71.625,57.875,0.3540961612351775,matrix,True
3672,91.625,57.875,1.0966100341012632,matrix,True
3678,99.125,57.875,-0.07304943765195082,matrix,True
3684,6.625,59.125,-1.1151142050998166,matrix,True
3687,10.375,59.125,-2.041259018569118,matrix,True
3711,40.375,59.125,2.770172662775387,matrix,True
3715,45.375,59.125,1.470656009102652,matrix,True
3719,50.375,59.125,-3.2123260356971763,matrix,True
3731,65.375,59.125,-1.2709704914229776,matrix,True
3742,79.125,59.125,-0.12753015579396348,matrix,True
3747,85.375,59.125,-1.3916821024325676,matrix,True
3751,90.375,59.125,-1.9101933164351843,matrix,True
3754,94.125,59.125,-1.7620268069749765,matrix,True
3768,11.625,60.375,-0.7456236078364288,matrix,True
3794,44.125,60.375,-0.1612860605788229,matrix,True
3843,5.375,61.625,-0.8755093614734918,matrix,True
3848,11.625,61.625,0.23586152918553288,matrix,True
3852,16.625,61.625,-0.6224649203103652,matrix,True
3873,42.875,61.625,0.3267311209905107,matrix,True
3888,61.625,61.625,-0.35540469206349357,matrix,True
3892,66.625,61.625,0.9678539042423023,matrix,True
3893,67.875,61.625,0.24533414507570106,matrix,True
3903,80.375,61.625,-0.4492476770772855,matrix,True
3919,100.375,61.625,-0.32850918056854495,matrix,True
3923,5.375,62.875,-0.4978734815936572,matrix,True
3945,32.875,62.875,1.954078679399947,matrix,True
3980,76.625,62.875,1.1593445733185503,matrix,True
3992,91.625,62.875,-1.664776670878328,matrix,True
4011,15.375,64.125,-3.0909241920711263,matrix,True
4012,16.625,64.125,-2.653845486332593,matrix,True
4027,35.375,64.125,2.8222794294651816,matrix,True
4031,40.375,64.125,-0.5318744591978448,matrix,True
4038,49.125,64.125,-1.7746473002597964,matrix,True
4050,64.125,64.125,0.2748472927339949,matrix,True
4053,67.875,64.125,0.8039883836814026,matrix,True
4070,89.125,64.125,0.0834827749432851,matrix,True
4084,6.625,65.375,-1.5661899159336465,matrix,True
4089,12.875,65.375,-3.069889662409916,matrix,True
4097,22.875,65.375,0.38910253723117694,matrix,True
4099,25.375,65.375,1.331723081755059,matrix,True
4121,52.875,65.375,-0.00878060276001491,matrix,True
4127,60.375,65.375,-1.925761158982613,matrix,True
4130,64.125,65.375,-2.6375474200445064,matrix,True
4136,71.625,65.375,-1.4947154855015041,matrix,True
4141,77.875,65.375,-1.4621747989882479,matrix,True
4146,84.125,65.375,1.357587488907162,matrix,True
4215,70.375,66.625,-1.626211930797019,matrix,True
4242,4.125,67.875,0.6662415028776024,matrix,True
4259,25.375,67.875,-0.39921172194303556,matrix,True
4265,32.875,67.875,1.4748297236077326,matrix,True
4271,40.375,67.875,-2.1691429365871047,matrix,True
4287,60.375,67.875,-1.8596348513781105,matrix,True
4290,64.125,67.875,-2.0377793305937324,matrix,True
4291,65.375,67.875,-1.3189400725705671,matrix,True
4293,67.875,67.875,-2.8739625144446768,matrix,True
4297,72.875,67.875,-2.888017410452331,matrix,True
4314,94.125,67.875,-1.5352447383248153,matrix,True
4326,9.125,69.125,0.6268851089370222,matrix,True
4341,27.875,69.125,0.04797050737872366,matrix,True
4343,30.375,69.125,1.3675829649653242,matrix,True
4348,36.625,69.125,0.4175504531300107,matrix,True
4352,41.625,69.125,-1.741245894991191,matrix,True
4366,59.125,69.125,-2.421508648376448,matrix,True
4383,80.375,69.125,-2.829925476962852,matrix,True
4385,82.875,69.125,-2.9446041591735717,matrix,True
4392,91.625,69.125,-3.4794818600352757,matrix,True
4412,16.625,70.375,-1.0550247655903864,matrix,True
4444,56.625,70.375,2.317430162277431,matrix,True
4449,62.875,70.375,-1.3740888481253881,matrix,True
4467,85.375,70.375,-1.8136781285827734,matrix,True
4491,15.375,71.625,-1.3882910225249048,matrix,True
4492,16.625,71.625,0.9513894101976539,matrix,True
4498,24.125,71.625,0.4337878608392337,matrix,True
4507,35.375,71.625,-3.4654814067721933,matrix,True
4511,40.375,71.625,-3.371863705040437,matrix,True
4516,46.625,71.625,-1.9337587520419772,matrix,True
4523,55.375,71.625,-2.285957436219546,matrix,True
4525,57.875,71.625,0.0682531600220857,matrix,True
4537,72.875,71.625,-1.307187039069539,matrix,True
4561,2.875,72.875,1.9340184080809726,matrix,True
4568,11.625,72.875,-1.7386349491131399,matrix,True
4575,20.375,72.875,0.9256663260442819,matrix,True
4579,25.375,72.875,-1.599064817739309,matrix,True
4606,59.125,72.875,1.555893893967468,matrix,True
4609,62.875,72.875,-0.7868213024750271,matrix,True
4617,72.875,72.875,-1.8788810818703974,matrix,True
4638,99.125,72.875,-0.06398606208401425,matrix,True
4653,17.875,74.125,-2.19453973710786,matrix,True
4654,19.125,74.125,-1.519100217758287,matrix,True
4680,51.625,74.125,0.3476006186066024,matrix,True
4682,54.125,74.125,0.6953028003728483,matrix,True
4684,56.625,74.125,1.4008224368941047,matrix,True
4693,67.875,74.125,-3.474859577168072,matrix,True
4698,74.125,74.125,1.0377783074630709,matrix,True
4704,81.625,74.125,1.7773908374478842,matrix,True
4725,7.875,75.375,0.6401582929767751,matrix,True
4736,21.625,75.375,-1.4254798265060995,matrix,True
4737,22.875,75.375,-1.0833325936595113,matrix,True
4739,25.375,75.375,-2.064369444455786,matrix,True
4765,57.875,75.375,0.847342855487167,matrix,True
4768,61.625,75.375,0.8530020158704584,matrix,True
4784,81.625,75.375,0.4244130717147325,matrix,True
4805,7.875,76.625,0.3117195277075432,matrix,True
4808,11.625,76.625,1.26531224089771,matrix,True
4809,12.875,76.625,2.405779800554259,matrix,True
4818,24.125,76.625,-3.346024589988882,matrix,True
4821,27.875,76.625,-2.2647764781132764,matrix,True
4824,31.625,76.625,-0.9540249255317919,matrix,True
4839,50.375,76.625,-0.14814158750385076,matrix,True
4866,84.125,76.625,-2.6719596223219164,matrix,True
4875,95.375,76.625,-1.0533433246816992,matrix,True
4880,1.625,77.875,-1.8047908009178304,matrix,True
4884,6.625,77.875,1.9851596685104322,matrix,True
4887,10.375,77.875,2.0,matrix,True
4894,19.125,77.875,-2.72027560475063,matrix,True
4897,22.875,77.875,-2.908884184839823,matrix,True
4917,47.875,77.875,1.716126208988184,matrix,True
4923,55.375,77.875,2.376377131167577,matrix,True
4928,61.625,77.875,0.2833361926170134,matrix,True
4933,67.875,77.875,-1.9231157910310392,matrix,True
4956,96.625,77.875,-1.8372918001023852,matrix,True
4961,2.875,79.125,-0.4200042303278222,matrix,True
4979,25.375,79.125,-2.2055788724001704,matrix,True
4980,26.625,79.125,0.1137785138409857,matrix,True
4982,29.125,79.125,1.6246172305895596,matrix,True
4983,30.375,79.125,0.08973176547782469,matrix,True
4985,32.875,79.125,1.025491835453659,matrix,True
4989,37.875,79.125,-0.6641388884724433,matrix,True
4992,41.625,79.125,-1.1316734550573835,matrix,True
5010,64.125,79.125,2.103657128204954,matrix,True
5013,67.875,79.125,-3.0992057385261678,matrix,True
5022,79.125,79.125,-0.09490957562473712,matrix,True
5029,87.875,79.125,1.224351784337253,matrix,True
5033,92.875,79.125,2.0390359493511356,matrix,True
5035,95.375,79.125,1.1649090687615125,matrix,True
5036,96.625,79.125,-0.18579911124358572,matrix,True
5054,19.125,80.375,0.9566116389994366,matrix,True
5067,35.375,80.375,-1.3924118222292399,matrix,True
5074,44.125,80.375,-0.8068223355708615,matrix,True
5087,60.375,80.375,1.8,matrix,True
5089,62.875,80.375,0.18763807845320613,matrix,True
5097,72.875,80.375,-0.8825067030451192,matrix,True
5101,77.875,80.375,0.9452426363847997,matrix,True
5106,84.125,80.375,2.387525043366503,matrix,True
5107,85.375,80.375,2.5176344356371256,matrix,True
5113,92.875,80.375,1.9451703086827896,matrix,True
5127,10.375,81.625,-1.2158661766581267,matrix,True
5155,45.375,81.625,0.5652487271966129,matrix,True
5167,60.375,81.625,-0.8230096778614842,matrix,True
5181,77.875,81.625,1.446226850192453,matrix,True
5185,82.875,81.625,2.163194743708433,matrix,True
5186,84.125,81.625,0.41496443028809316,matrix,True
5188,86.625,81.625,0.18784285093180575,matrix,True
5193,92.875,81.625,0.6645176392993402,matrix,True
5197,97.875,81.625,1.3006462963863792,matrix,True
5199,100.375,81.625,0.5890919557428312,matrix,True
5202,4.125,82.875,-0.37914789106231384,matrix,True
5205,7.875,82.875,-0.9638606397062491,matrix,True
5222,29.125,82.875,0.8913200626046826,matrix,True
5232,41.625,82.875,-2.9761508687543667,matrix,True
5234,44.125,82.875,1.4162104797948438,matrix,True
5245,57.875,82.875,-2.945339641551454,matrix,True
5259,75.375,82.875,2.4289351263847787,matrix,True
5266,84.125,82.875,-2.346279318694595,matrix,True
5272,91.625,82.875,2.229140853676589,matrix,True
5282,4.125,84.125,-1.1959687451492838,matrix,True
5295,20.375,84.125,-3.339937123646076,matrix,True
5296,21.625,84.125,-2.976066068901793,matrix,True
5300,26.625,84.125,-0.6715397597114938,matrix,True
5315,45.375,84.125,0.424519052430284,matrix,True
5317,47.875,84.125,-0.06455847311392038,matrix,True
5318,49.125,84.125,-1.715172578547484,matrix,True
5336,71.625,84.125,0.7544465184998702,matrix,True
5386,34.125,85.375,1.9371162287426482,matrix,True
5394,44.125,85.375,0.9348933879092488,matrix,True
5399,50.375,85.375,-2.8167499185590117,matrix,True
5408,61.625,85.375,-0.7760611394402666,matrix,True
5442,4.125,86.625,-1.7461760286881858,matrix,True
5448,11.625,86.625,0.05117794665513853,matrix,True
5455,20.375,86.625,-3.215898181407013,matrix,True
5472,41.625,86.625,0.05498099309259652,matrix,True
5473,42.875,86.625,-1.2540387489578064,matrix,True
5476,46.625,86.625,0.5143106915968594,matrix,True
5482,54.125,86.625,-1.4564658800837795,matrix,True
5487,60.375,86.625,1.2012156585383322,matrix,True
5491,65.375,86.625,-0.1389917685623167,matrix,True
5500,76.625,86.625,-3.0899536040394624,matrix,True
5511,90.375,86.625,-1.9363818947847116,matrix,True
5524,6.625,87.875,0.4638868093457374,matrix,True
5526,9.125,87.875,1.5231588129463265,matrix,True
5594,94.125,87.875,-2.302902732045757,matrix,True
5595,95.375,87.875,-1.7828835723151468,matrix,True
5596,96.625,87.875,-2.056131209191891,matrix,True
5600,1.625,89.125,-1.7775885266293336,matrix,True
5621,27.875,89.125,2.1166299541764153,matrix,True
5639,50.375,89.125,-2.288632086014097,matrix,True
5675,95.375,89.125,-1.6127122724233167,matrix,True
5682,4.125,90.375,2.6164152008294854,matrix,True
5703,30.375,90.375,-1.0555921089354015,matrix,True
5708,36.625,90.375,-1.9569176715421737,matrix,True
5709,37.875,90.375,2.0918737860539167,matrix,True
5713,42.875,90.375,1.4001875757390365,matrix,True
5717,47.875,90.375,2.085507802897766,matrix,True
5718,49.125,90.375,-0.6614917273959797,matrix,True
5722,54.125,90.375,-2.2195971332899873,matrix,True
5726,59.125,90.375,0.9304368432064754,matrix,True
5732,66.625,90.375,-3.358144054506659,matrix,True
5736,71.625,90.375,-3.0109166999947474,matrix,True
5745,82.875,90.375,-3.110030978381941,matrix,True
5760,1.625,91.625,-0.05998005329087097,matrix,True
5764,6.625,91.625,2.5737844433741612,matrix,True
5774,19.125,91.625,-1.369231931511852,matrix,True
5785,32.875,91.625,2.6223693612274293,matrix,True
5797,47.875,91.625,0.1621562482265358,matrix,True
5811,65.375,91.625,-0.41494030309292995,matrix,True
5817,72.875,91.625,-0.29874778310331673,matrix,True
5819,75.375,91.625,-1.2027692886768337,matrix,True
5858,24.125,92.875,-0.4777981882046336,matrix,True
5859,25.375,92.875,2.136814740768504,matrix,True
5867,35.375,92.875,-2.566380344267451,matrix,True
5893,67.875,92.875,-2.703577535933598,matrix,True
5898,74.125,92.875,-0.16860795285497465,matrix,True
5916,96.625,92.875,-0.4827293439599171,matrix,True
5928,11.625,94.125,2.0840472144914886,matrix,True
5934,19.125,94.125,-0.07605999542944802,matrix,True
5944,31.625,94.125,-1.0268943287400663,matrix,True
5956,46.625,94.125,0.5508460358872305,matrix,True
5958,49.125,94.125,-2.121787679251889,matrix,True
5982,79.125,94.125,-1.2546219955564009,matrix,True
5986,84.125,94.125,-0.8691810988724675,matrix,True
5996,96.625,94.125,1.0225800026610643,matrix,True
6007,10.375,95.375,2.7884690155694942,matrix,True
6018,24.125,95.375,-0.788881269317887,matrix,True
6027,35.375,95.375,0.6071664409941143,matrix,True
6042,54.125,95.375,2.5378687435392293,matrix,True
6044,56.625,95.375,1.4279442588099087,matrix,True
6048,61.625,95.375,0.39064829752523744,matrix,True
6069,87.875,95.375,-0.8703929856177531,matrix,True
6070,89.125,95.375,0.24136748717923046,matrix,True
6071,90.375,95.375,2.5047299471718203,matrix,True
6078,99.125,95.375,-0.6071368558111806,matrix,True
6081,2.875,96.625,0.28596478651675394,matrix,True
6084,6.625,96.625,2.1728607280128385,matrix,True
6098,24.125,96.625,1.4891227453978026,matrix,True
6130,64.125,96.625,1.5878689362243827,matrix,True
6145,82.875,96.625,-2.7784271041357727,matrix,True
6147,85.375,96.625,-1.6659526965063098,matrix,True
6148,86.625,96.625,-1.363664474412713,matrix,True
6158,99.125,96.625,-2.8056622049607784,matrix,True
6172,16.625,97.875,-1.151657035648943,matrix,True
6177,22.875,97.875,-1.0387770624059898,matrix,True
6178,24.125,97.875,-0.2084351672161271,matrix,True
6188,36.625,97.875,-0.11930992883999103,matrix,True
6189,37.875,97.875,1.0125706302117816,matrix,True
6209,62.875,97.875,0.18750559022280744,matrix,True
6212,66.625,97.875,-0.3638345318538634,matrix,True
6220,76.625,97.875,-2.229395944116795,matrix,True
6227,85.375,97.875,-3.159555481878201,matrix,True
6229,87.875,97.875,-2.4988927205313667,matrix,True
6248,11.625,99.125,-0.8135620742690539,matrix,True
6272,41.625,99.125,-0.20687308479890676,matrix,True
6300,76.625,99.125,-1.9770346293757692,matrix,True
6304,81.625,99.125,-0.9908799237164072,matrix,True
6311,90.375,99.125,-2.199847300480214,matrix,True
6312,91.625,99.125,-0.6401415785060538,matrix,True
6318,99.125,99.125,-1.8933327766900458,matrix,True
6320,1.625,100.375,-0.7729669773108683,matrix,True
6326,9.125,100.375,0.7935838861693859,matrix,True
6342,29.125,100.375,-0.08661432879938685,matrix,True
6356,46.625,100.375,-0.6807541546973941,matrix,True
6358,49.125,100.375,0.5311738426866215,matrix,True
6363,55.375,100.375,-1.5775664341033777,matrix,True
6370,64.125,100.375,-0.5114601368709082,matrix,True
6386,84.125,100.375,0.7647155705615369,matrix,True
